Timestamp,Message,Elapsed Time (µs)
2024-11-23 15:48:11,Down,
2024-11-23 15:48:16,Up,5067977
2024-11-23 15:48:16,Down,
2024-11-23 15:48:21,Up,5069049
2024-11-23 15:48:21,Down,
2024-11-23 15:48:27,Up,5072134
2024-11-23 15:48:27,Down,
2024-11-23 15:48:32,Up,5071282
2024-11-23 15:48:32,Down,
2024-11-23 15:48:37,Up,5067055
2024-11-23 15:48:37,Down,
2024-11-23 15:48:42,Up,5069449
2024-11-23 15:48:42,Down,
2024-11-23 15:48:47,Up,5068778
2024-11-23 15:48:47,Down,
2024-11-23 15:48:52,Up,5070125
2024-11-23 15:48:52,Down,
2024-11-23 15:48:57,Up,5069781
2024-11-23 15:48:57,Down,
2024-11-23 15:49:02,Up,5067560
2024-11-23 15:49:02,Down,
2024-11-23 15:49:07,Up,5065585
2024-11-23 15:49:07,Down,
2024-11-23 15:49:12,Up,5064650
2024-11-23 15:49:12,Down,
2024-11-23 15:49:17,Up,5062697
2024-11-23 15:49:17,Down,
2024-11-23 15:49:22,Up,5065271
2024-11-23 15:49:22,Down,
2024-11-23 15:49:27,Up,5066847
2024-11-23 15:49:27,Down,
2024-11-23 15:49:32,Up,5065911
2024-11-23 15:49:32,Down,
2024-11-23 15:49:37,Up,5068615
2024-11-23 15:49:37,Down,
